25,which
33,their
40,there
47,would
51,other
54,these
67,about
73,first
74,could
81,after
90,those
95,where
102,being
109,under
111,great
112,state
122,world
124,three
125,while
135,found
144,might
145,still
147,right
149,place
150,every
158,power
159,since
160,given
161,never
163,order
164,water
168,small
169,shall
171,large
177,point
179,again
180,often
183,among
187,house
192,women
211,group
213,think
215,human
224,later
227,until
230,whole
231,early
236,above
245,value
247,study
252,times
255,taken
257,known
262,court
264,young
282,white
285,light
292,least
293,level
296,child
298,death
316,going
320,party
325,using
332,sense
337,based
338,whose
339,total
340,class
345,local
350,along
358,money
363,black
366,force
372,night
374,short
375,field
377,asked
378,quite
380,thing
385,woman
386,major
396,third
397,shown
400,began
405,cause
408,heart
415,trade
417,model
418,clear
453,lower
459,close
460,blood
472,hands
487,story
491,paper
493,areas
501,parts
510,river
514,space
515,price
537,basis
541,alone
543,below
548,earth
549,heard
556,lines
558,hours
561,truth
562,range
572,board
574,needs
594,front
607,leave
619,stage
621,doing
623,today
625,labor
639,voice
642,peace
644,bring
646,chief
648,added
658,issue
662,equal
666,basic
668,music
678,wrote
697,sound
705,ideas
709,final
733,gives
737,cross
742,moral
746,faith
748,legal
750,comes
753,civil
773,built
776,round
780,scale
784,write
785,doubt
791,seven
808,green
816,image
817,plant
822,speak
827,lives
835,tried
837,upper
845,eight
850,stock
858,stand
860,share
869,style
871,start
872,goods
874,ready
875,occur
883,stood
888,moved
893,staff
928,lived
929,learn
935,daily
937,allow
941,noted
946,phase
958,heavy
963,fully
981,title
984,claim
990,fixed
1012,month
1013,color
1015,event
1016,begin
1028,offer
1030,wrong
1043,carry
1046,serve
1047,stone
1060,trust
1081,drawn
1085,floor
1093,glass
1099,judge
1103,enemy
1105,piece
1110,reach
1111,visit
1112,meant
1127,enter
1130,worth
1139,cover
1142,forth
1147,avoid
1149,mouth
1152,exist
1164,spent
1165,scene
1171,shape
1172,brain
1177,happy
1184,trial
1186,older
1199,usual
1200,prior
1202,apply
1206,speed
1207,horse
1212,birth
1213,index
1215,ought
1222,named
1224,error
1226,joint
1232,focus
1248,urban
1249,tests
1250,bound
1268,coast
1274,plate
1289,check
1292,ratio
1294,break
1302,sight
1304,media
1327,broad
1333,agent
1334,aware
1336,youth
1350,sleep
1354,fresh
1361,drive
1374,rural
1382,metal
1387,steel
1388,guide
1409,spoke
1413,grand
1414,apart
1418,prove
1420,fight
1433,fifty
1437,grant
1452,brief
1453,solid
1457,false
1509,forty
1514,build
1515,ideal
1530,rapid
1533,crime
1536,inner
1543,limit
1558,plane
1564,novel
1569,adult
1573,store
1574,block
1576,layer
1580,plain
1582,maybe
1589,watch
1601,count
1610,touch
1618,grace
1624,proof
1634,agree
1638,crown
1655,radio
1661,train
1663,minor
1670,motor
1673,depth
1700,mixed
1709,cycle
1729,curve
1740,angle
1752,dream
1760,entry
1765,frame
1771,grown
1772,sugar
1782,unity
1786,firms
1788,owner
1792,truly
1800,loved
1802,yield
1815,chair
1818,hotel
1825,thick
1829,fluid
1837,refer
1840,fifth
1841,fruit
1850,raise
1851,quiet
1855,twice
1860,taste
1872,worse
1874,chain
1892,clean
1899,spite
1901,sharp
1913,shift
1927,waste
1938,ahead
1940,prime
1954,grade
1965,aside
1967,wages
1970,sweet
1973,drink
1986,begun
1987,noise
1989,extra
1999,guard
2006,favor
2010,quick
2013,nerve
2018,ocean
2019,skill
2021,logic
2023,ended
2025,enjoy
2029,teeth
2034,route
2035,empty
2036,thank
2041,lying
2053,acute
2054,smile
2055,armed
2085,dance
2104,broke
2109,sheet
2116,noble
2126,dress
2128,teach
2129,spend
2135,phone
2142,print
2143,scope
2146,slave
2188,grain
2192,honor
2194,arise
2200,exact
2202,owned
2205,reply
2212,bread
2214,alive
2216,theme
2218,cited
2228,glory
2233,vital
2247,grass
2257,outer
2278,bonds
2287,faced
2288,faces
2289,track
2296,abuse
2312,shore
2327,gross
2332,steam
2349,delay
2351,hoped
2358,pride
2361,treat
2370,grave
2371,admit
2387,cloth
2399,crowd
2432,uncle
2452,chest
2458,saved
2461,score
2485,cried
2489,flesh
2496,blind
2497,anger
2508,essay
2520,fault
2529,canal
2548,rough
2549,click
2550,habit
2553,sorry
2558,shock
2564,catch
2579,liver
2588,verse
2591,beach
2592,worst
2599,reign
2602,valid
2607,shell
2612,trace
2618,sixty
2620,liked
2643,nurse
2644,fever
2654,throw
2657,trans
2666,drama
2669,naval
2677,storm
2684,match
2696,owing
2704,smoke
2705,fleet
2713,wheat
2717,argue
2719,loose
2727,newly
2733,guess
2736,organ
2753,sheep
2767,topic
2771,angry
2775,dying
2779,trend
2787,acted
2788,tower
2833,sixth
2847,dated
2866,proud
2872,shook
2873,split
2886,width
2892,wound
2912,chart
2915,chose
2917,wheel
2919,drove
2943,tired
2947,draft
2958,dozen
2966,wider
2990,threw
2997,solve
3003,alike
3007,panel
3015,links
3016,dealt
3017,sword
3031,magic
3054,marry
3065,stick
3073,paint
3079,seeds
3080,fewer
3081,virus
3084,yours
3099,arose
3103,adopt
3125,urged
3130,inter
3132,mercy
3146,slope
3165,pulse
3171,wives
3192,devil
3206,clerk
3211,tract
3216,pound
3217,laugh
3234,worry
3235,midst
3237,cloud
3241,opera
3251,merit
3252,trail
3261,realm
3263,array
3270,shoes
3280,stuff
3291,valve
3323,serum
3327,solar
3358,mayor
3365,cable
3378,tribe
3386,lunch
3388,basin
3395,guilt
3404,fatal
3417,bases
3437,photo
3439,fired
3441,usage
3447,dried
3469,tight
3470,tumor
3472,aimed
3486,fancy
3487,ruled
3489,borne
3491,pupil
3494,alter
3496,pilot
3508,award
3546,urine
3551,tales
3554,blame
3558,giant
3568,cream
3587,burst
3589,flood
3594,clock
3604,movie
3605,knife
3613,ridge
3615,badly
3616,rigid
3638,lover
3659,renal
3666,prize
3668,pitch
3684,filed
3687,eager
3703,angel
3705,smell
3706,sport
3710,boxes
3727,grief
3737,flame
3755,brand
3757,actor
3772,shame
3775,label
3794,lease
3796,brave
3797,mouse
3812,naked
3828,brick
3837,truck
3839,diary
3840,cheap
3844,craft
3856,fiber
3876,shade
3884,decay
3889,blank
3908,elder
3922,grasp
3928,elite
3929,guest
3932,prose
3934,piano
3938,cease
3944,multi
3972,paths
3976,rival
3979,strip
3988,asset
4006,widow
4007,imply
4015,supra
4027,cruel
4040,brush
4046,graph
4056,vague
4057,laser
4059,apple
4062,shirt
4079,crude
4093,deeds
4095,swept
4097,ghost
4121,oxide
4124,trunk
4130,gases
4155,altar
4162,alarm
4165,ruler
4171,shoot
4205,onset
4210,shaft
4214,alien
4218,hired
4220,globe
4242,swift
4259,dense
4265,veins
4275,spare
4278,tenth
4304,dirty
4320,pains
4331,buyer
4334,slide
4356,stuck
4363,arrow
4368,tries
4371,coach
4375,bench
4388,voted
4389,juice
4430,pause
4438,stern
4446,cabin
4469,flour
4477,tough
4481,flash
4495,humor
4514,honey
4538,aging
4543,bride
4562,brass
4565,faint
4566,charm
4570,ample
4571,loyal
4577,chase
4582,upset
4598,steep
4612,crack
4621,ninth
4624,tooth
4626,eaten
4627,smart
4638,maker
4639,feast
4645,lucky
4655,caste
4660,exile
4674,quote
4702,fraud
4707,shake
4715,slept
4716,sandy
4727,awful
4745,genus
4756,drunk
4774,hated
4778,rocky
4785,super
4788,toxic
4798,quest
4816,crazy
4821,cargo
4826,panic
4836,utter
4846,civic
4856,harsh
4864,lined
4886,shear
4898,siege
4907,alpha
4912,drift
4937,risen
4948,loads
4952,skull
4964,swing
4966,funny
4971,canon
4974,stake
4988,fence
5002,gland
5003,blade
5006,alert
5008,climb
5025,chaos
5033,boots
5044,cheek
5056,sized
5062,hurry
5079,petty
5086,spine
5088,stamp
5090,react
5091,flies
5096,snake
5111,spell
5124,meter
5132,vivid
5135,cared
5142,suite
5145,burnt
5151,straw
5154,drain
5166,beast
5176,weary
5178,stiff
5198,olive
5216,thumb
5220,sheer
5222,vapor
5234,polar
5240,cubic
5257,wagon
5264,eagle
5266,rifle
5267,orbit
5270,balls
5289,aided
5290,cries
5301,awake
5304,tense
5309,query
5338,comic
5367,fatty
5369,shelf
5397,vocal
5443,drill
5456,unite
5469,audit
5470,focal
5476,pious
5487,deity
5494,freed
5503,frost
5510,screw
5512,elect
5516,aloud
5549,probe
5569,posed
5579,basal
5581,breed
5583,piety
5588,sweat
5593,folks
5602,patch
5609,beard
5616,trick
5641,gauge
5646,genre
5661,dwell
5671,rebel
5679,creed
5693,quasi
5713,erect
5720,drank
5722,spray
5723,donor
5728,shots
5729,dairy
5730,bloom
5743,audio
5746,fetal
5748,stack
5752,sauce
5755,blown
5778,adapt
5779,dared
5788,folly
5829,micro
5841,exert
5843,waist
5852,seize
5857,arena
5875,sweep
5882,token
5891,curse
5895,lofty
5912,ether
5928,linen
5943,dread
5944,rated
5962,porch
5983,wrath
5996,irony
5998,nasal
6003,silly
6035,prone
6041,fairy
6044,blast
6068,cliff
6081,bless
6084,ashes
6101,elbow
6104,pagan
6114,backs
6126,sided
6155,trait
6164,penny
6169,papal
6212,crash
6231,moist
6238,flora
6259,belly
6321,wrist
6323,relax
6324,crest
6326,float
6332,merry
6354,ranch
6365,swung
6382,faded
6398,colon
6408,epoch
6417,knock
6429,alloy
6442,cured
6444,optic
6450,bosom
6471,minus
6496,bunch
6506,bowed
6508,paste
6523,flock
6526,ferry
6536,punch
6541,weigh
6550,tiger
6567,lemon
6604,spark
6606,steal
6615,fibre
6619,macro
6626,lymph
6630,trout
6649,ivory
6659,theft
6668,sober
6703,locus
6711,laden
6712,waved
6719,crust
6726,axial
6738,avail
6750,flung
6756,gamma
6757,lever
6759,swear
6770,haste
6777,sadly
6781,agony
6802,stain
6815,stove
6822,stout
6823,yeast
6828,choir
6833,couch
6848,bowel
6849,purse
6861,twist
6871,finer
6885,witch
6887,blend
6908,brook
6911,maize
6964,radar
6972,woven
6973,shine
6977,penal
6983,blues
6987,slain
7000,sperm
7014,newer
7019,intra
7022,flank
7028,canoe
7037,coral
7045,opium
7049,naive
7063,shout
7071,assay
7077,bliss
7085,cough
7091,sinus
7108,wiped
7116,batch
7120,chips
7134,gazed
7145,resin
7156,manor
7185,salad
7211,modem
7213,stark
7218,infer
7233,lobby
7255,mound
7262,stare
7266,sworn
7273,thine
7280,overt
7283,whale
7304,bored
7339,mould
7340,lipid
7353,vowel
7360,pants
7396,peril
7408,sunny
7422,shone
7424,cloak
7448,flint
7452,ionic
7468,graft
7478,scent
7508,rider
7510,inlet
7544,skirt
7548,piles
7568,ditch
7579,bonus
7580,noisy
7585,fiery
7604,baths
7617,slice
7649,undue
7651,shalt
7656,taxed
7658,queer
7662,troop
7676,hymns
7681,motif
7690,chalk
7691,ounce
7701,thief
7722,creep
7726,safer
7734,swell
7735,blunt
7740,candy
7743,ultra
7746,spear
7773,fungi
7788,vigor
7789,gloom
7791,chill
7801,medal
7802,fetus
7822,hedge
7825,chord
7826,album
7865,baked
7868,slate
7873,tidal
7892,boast
7894,edema
7899,abode
7906,scorn
7913,stole
7920,tutor
7921,thigh
7937,ankle
7942,brake
7944,fetch
7952,lions
7988,swamp
7989,lapse
8000,stool
8022,relay
8024,cheer
8045,await
8052,cedar
8060,quota
8063,onion
8089,flush
8119,skies
8125,digit
8127,penis
8128,renew
8142,piled
8143,wedge
8153,scrap
8161,fauna
8165,alley
8174,clash
8185,fuzzy
8186,demon
8188,crush
8241,wreck
8242,traps
8246,spoon
8256,dwelt
8258,crept
8270,maxim
8296,fused
8307,ulcer
8310,infra
8335,rainy
8337,facto
8348,amend
8353,handy
8378,birch
8389,tails
8399,hasty
8400,goose
8411,abide
8412,tenor
8415,rally
8458,hatch
8475,flask
8478,dusty
8481,lance
8482,robot
8488,paved
8529,plead
8530,clung
8539,vault
8563,merge
8566,email
8570,greed
8592,fried
8603,wards
8614,proxy
8631,dogma
8651,ethic
8663,shale
8685,voter
8689,ozone
8695,armor
8705,molar
8743,lunar
8745,algae
8747,depot
8760,guise
8801,maple
8809,timid
8817,manly
8826,greet
8838,niece
8845,cigar
8850,spoil
8852,risky
8870,weird
8877,muddy
8881,tempo
8886,lyric
8916,unfit
8924,queue
8925,vicar
8935,edged
8952,dwarf
8959,surge
8965,swore
8975,lotus
8976,rhyme
8985,rotor
8988,torch
8989,wiser
9004,towel
9027,dough
9054,grape
9058,motto
9060,camel
9074,verge
9081,brute
9091,cords
9093,cocoa
9097,aorta
9100,attic
9109,cache
9136,awoke
9138,toast
9158,inert
9196,saith
9200,forge
9240,flute
9256,folio
9271,chess
9278,tonic
9322,bluff
9344,truce
9347,niche
9353,blond
9366,squad
9385,stray
9397,tread
9420,avant
9424,bowls
9446,teens
9447,repay
9450,flown
9451,spies
9456,crisp
9467,prism
9475,trash
9485,nasty
9496,glare
9504,amber
9505,typed
9537,cleft
9547,boost
9554,slack
9585,wares
9605,libel
9633,groom
9640,ditto
9651,aisle
9653,terra
9665,scout
9675,ovary
9684,vogue
9686,frail
9724,edict
9728,metre
9738,stall
9754,modal
9764,scalp
9791,steer
9793,jewel
9801,salon
9807,anode
9840,woody
9858,shiny
9860,knelt
9869,pinch
9882,notch
9887,fable
9893,reins
9905,miner
9914,thorn
9918,oaths
9922,tuned
9941,cling
9974,stalk
9990,needy
9992,stead
9994,dined
10000,tying
10002,stony
10017,amply
10027,evoke
10032,roast
10036,spike
10042,liter
10057,bitch
10067,comet
10074,syrup
10092,bleak
10094,deter
10111,quart
10119,chant
10126,witty
10132,jolly
10142,lends
10143,yacht
10187,lumen
10201,paddy
10202,waged
10213,plank
10215,blaze
10222,ethyl
10223,toxin
10228,weave
10241,mamma
10250,beset
10256,stump
10269,dummy
10280,brink
10290,sewer
10295,peach
10299,chick
10330,eased
10345,jelly
10347,mucus
10355,gorge
10360,tacit
10429,crawl
10434,incur
10438,raced
10446,broth
10465,idiot
10528,oddly
10535,sting
10567,rumor
10568,envoy
10569,scare
10597,swine
10605,brood
10609,abyss
10614,shark
10636,badge
10639,ledge
10644,ethos
10682,wharf
10688,enact
10713,geese
10753,satin
10775,droit
10784,idiom
10816,heaps
10824,aloof
10828,apron
10839,karma
10847,larva
10852,monde
10859,rusty
10864,humid
10873,scrub
10875,crank
10879,scant
10882,blush
10911,hairy
10934,reset
10939,shunt
11000,bland
11039,rouse
11042,gleam
11094,circa
11101,brisk
11103,glove
11118,stale
11133,laity
11135,dimly
11143,temps
11147,mania
11191,spill
11196,timed
11197,taboo
11198,wired
11219,pouch
11226,facet
11260,purge
11262,spasm
11264,axiom
11293,amuse
11344,clamp
11348,strap
11364,hobby
11389,barge
11391,shrub
11408,friar
11441,pivot
11480,razor
11481,godly
11488,grind
11517,hinge
11524,evade
11541,frown
11548,fined
11559,paced
11587,helix
11589,avert
11604,ester
11652,fossa
11687,nylon
11690,gloss
11716,cheat
11720,farce
11739,pence
11756,raged
11759,recur
11767,broom
11770,debit
11775,align
11776,shady
11784,glaze
11790,swarm
11798,vinyl
11800,femur
11801,liner
11813,perch
11817,aloft
11826,steak
11841,haunt
11848,snowy
11853,flare
11854,poker
11858,alias
11862,stair
11863,comma
11873,famed
11903,curly
11911,quilt
11926,puppy
11930,beech
11934,aptly
11935,sieve
11942,lowly
11944,venue
11951,freer
11962,mined
11969,gauze
12007,vowed
12013,chaps
12024,spice
12036,palsy
12041,havoc
12057,relic
12082,milky
12100,triad
12116,bulky
12124,timer
12134,mirth
12140,pasta
12154,lucid
12214,moose
12239,iliac
12240,erase
12277,adept
12279,plume
12287,clown
12306,glide
12329,dowry
12330,odour
12332,defer
12345,giver
12346,crook
12349,tramp
12369,debut
12371,proto
12374,usher
12393,drown
12406,spake
12407,pedal
12410,plump
12416,scarf
12444,bribe
12454,mourn
12459,slang
12495,ensue
12503,semen
12522,mimic
12527,mural
12548,ceded
12552,bleed
12554,hydro
12559,tibia
12569,vexed
12576,expel
12589,radii
12607,filth
12646,duchy
12670,repel
12700,froze
12712,dizzy
12717,lupus
12722,shewn
12758,tempt
12769,trays
12779,datum
12841,latex
12867,spade
12893,rinse
12909,rogue
12912,hound
12916,mores
12929,snack
12938,gaunt
12950,regal
12951,boron
12983,groan
12996,booty
13006,bathe
13010,mixer
13034,equip
13053,obese
13086,foxes
13091,grill
13108,franc
13123,shawl
13161,patio
13170,bully
13176,smear
13183,argon
13201,snail
13204,widen
13214,feces
13222,taper
13238,anion
13245,fated
13252,choke
13253,valor
13300,misty
13327,oasis
13328,whore
13350,junta
13352,mains
13367,brine
13377,fowls
13383,pluck
13390,mummy
13409,chili
13412,crows
13442,venom
13447,adorn
13497,moths
13503,hilly
13509,props
13530,smoky
13538,leapt
13549,manic
13618,truss
13651,torso
13697,otter
13699,rigor
13703,comer
13704,nodal
13721,spore
13757,dusky
13778,grate
13825,adore
13842,clone
13844,windy
13851,cadre
13859,aroma
13880,slick
13900,stung
13908,nexus
13924,smash
13937,kneel
13940,shire
13956,chasm
13964,tally
13967,tunic
13968,leafy
13983,wafer
13987,glued
14014,mover
14019,shaky
14021,fared
14028,fling
14077,nobly
14081,aught
14103,snare
14112,adieu
14130,latch
14132,shave
14176,laced
14178,phage
14193,slant
14227,shack
14269,tinge
14282,waltz
14297,snuff
14315,stoop
14321,taped
14330,purer
14393,sneak
14442,spire
14453,cider
14503,masse
14533,tithe
14539,cater
14541,gaily
14542,hitch
14544,muted
14560,gable
14577,didst
14614,loser
14650,valet
14656,amiss
14670,scary
14676,shrug
14679,poppy
14682,quail
14685,forte
14687,dazed
14698,clasp
14712,ulnar
14716,cadet
14718,diver
14722,truer
14740,zeros
14747,mused
14753,berth
14776,drier
14781,erred
14785,waxed
14791,magma
14800,amour
14803,sling
14821,scoop
14831,slash
14833,litre
14845,sedan
14857,fecal
14862,humus
14884,carve
14893,trump
14913,sable
14920,lathe
14921,wager
14943,bulge
14962,forme
15000,chunk
15001,bison
15015,decor
15016,slung
15037,ardor
15045,modus
15056,hoard
15064,sloop
15065,slump
15068,lured
15117,amine
15163,wield
15164,tease
15181,usury
15198,clump
15214,squat
15225,femme
15269,buggy
15289,sleek
15291,sever
15302,dower
15333,steed
15360,rowed
15364,groin
15378,moder
15407,whirl
15409,ruddy
15434,colic
15441,hoist
15452,toned
15460,poked
15478,hotly
15489,mango
15504,tenet
15518,brunt
15528,slows
15570,siren
15573,speck
15575,rarer
15577,taint
15582,freak
15584,poise
15598,olden
15617,horde
15656,totem
15689,elegy
15707,remit
15714,slime
15732,braid
15766,vigil
15779,flake
15782,ached
15788,frock
15811,nymph
15832,hyper
15881,eerie
15888,waive
15898,dryer
15909,snout
15911,abate
15931,bushy
15958,carte
15961,salty
15977,plumb
15984,wrung
15988,avian
16003,sneer
16008,quill
16010,juror
16015,allay
16036,blink
16038,ebony
16043,madly
16047,jihad
16073,spicy
16098,keyed
16101,canes
16113,pubic
16114,azure
16115,harem
16162,inset
16168,hoofs
16176,eaves
16190,vodka
16204,anvil
16220,livre
16226,burgh
16231,asses
16266,gully
16296,paler
16298,nosed
16305,lilac
16312,silky
16314,lysis
16356,heave
16363,cilia
16385,primo
16390,shove
16392,unify
16393,sheen
16407,algal
16451,crave
16465,dandy
16471,prick
16489,vomit
16492,annoy
16497,exalt
16534,chute
16545,amity
16551,agile
16554,budge
16562,chaff
16580,polio
16582,bough
16591,navel
16600,towed
16638,eater
16647,sewed
16663,giddy
16699,aired
16702,aback
16704,gaudy
16714,rayon
16719,cello
16720,blest
16752,cobra
16763,cotta
16774,staid
16799,vagus
16817,rupee
16818,knoll
16827,hover
16832,dingy
16849,melon
16854,posse
16856,graze
16864,lorry
16867,crypt
16882,husky
16891,ramus
16892,tasty
16897,squid
16899,elude
16903,alder
16924,spawn
16936,arson
16938,winch
16958,fugue
16966,tamed
16997,nanny
17001,foyer
17012,oiled
17030,tiled
17032,shank
17046,thyme
17059,revel
17060,setae
17065,zonal
17083,rivet
17146,ripen
17151,jacks
17160,lousy
17177,taxis
17187,flair
17212,smack
17252,gamut
17263,chops
17277,smelt
17281,lurid
17305,showy
17309,levee
17317,murky
17323,islet
17337,calyx
17348,twine
17349,heady
17357,vulva
17377,posit
17398,joked
17400,khaki
17424,gourd
17441,shorn
17486,juicy
17507,spelt
17516,payee
17542,fiend
17560,dives
17608,gravy
17626,beige
17654,crate
17655,plied
17661,credo
17664,swirl
17673,chert
17678,dived
17697,stunt
17701,stint
17705,knack
17708,horny
17760,endow
17763,piped
17793,strut
17811,sloth
17817,butyl
17819,leash
17831,waned
17854,spout
17892,spied
17894,aegis
17918,passe
17952,zebra
17965,tardy
17967,manna
17996,clove
17997,inept
18005,nihil
18011,dumps
18017,loath
18032,flick
18054,aster
18077,stent
18078,tawny
18099,craze
18102,growl
18128,bevel
18133,clout
18145,hives
18159,smote
18186,erode
18190,diner
18198,mimeo
18212,bolus
18247,quell
18275,nadir
18291,aural
18297,afoot
18319,apnea
18324,banal
18325,atone
18326,radon
18344,burly
18361,hoops
18364,terse
18372,intro
18395,elles
18404,afore
18409,boxed
18422,hires
18428,foggy
18438,mated
18441,chore
18449,quoth
18454,vitae
18467,raked
18468,wrest
18474,gyrus
18488,cacao
18510,durst
18514,tarry
18539,slimy
18546,stink
18552,tulip
18556,ochre
18570,limbo
18586,alibi
18592,icing
18593,prune
18614,shoal
18637,girth
18644,payer
18674,bugle
18682,taker
18691,adage
18720,roost
18728,gated
18748,borax
18754,tubal
18765,loess
18771,ileum
18781,suing
18812,flyer
18825,phony
18835,ducal
18842,stave
18843,gusto
18852,drone
18857,grunt
18860,plaid
18871,leper
18893,livid
18921,septa
18950,spurt
18965,enema
18991,nicer
18992,dryly
18993,bogus
19006,croup
19013,domed
19014,serie
19028,donee
19041,tuber
19054,sabre
19083,adder
19106,plush
19108,tongs
19109,abort
19118,acorn
19138,easel
19151,lusty
19166,bonne
19171,acrid
19174,sniff
19178,skate
19208,froth
19216,thump
19218,nitro
19233,whine
19247,diced
19261,stile
19266,noose
19274,spool
19284,cramp
19288,effet
19292,dicta
19310,leaky
19311,scaly
19328,miser
19332,onely
19347,matte
19349,savvy
19353,affix
19361,robed
19364,macho
19373,trope
19384,bursa
19388,villi
19395,sheaf
19398,bared
19414,genie
19424,trite
19436,hunch
19439,ilium
19445,whisk
19458,hoary
19498,meted
19499,mulch
19500,knave
19517,apace
19526,pubis
19566,mumps
19584,petal
19590,amide
19591,xylem
19602,aller
19625,taunt
19631,ation
19632,sawed
19645,waded
19681,sowed
19699,pussy
19712,beget
19768,usurp
19770,caged
19778,mitre
19816,savor
19820,shyly
19824,downy
19838,nomad
19850,quack
19860,musty
19905,skunk
19912,saute
19932,oases
19972,booze
19982,surer
19983,rodeo
19984,squaw
19990,throb
20003,mossy
20022,neuro
20023,scold
20027,ortho
20028,dimer
20032,forgo
20034,areal
20038,quits
20048,rebus
20053,codon
20065,divan
20072,annul
20101,glint
20122,banjo
20130,erupt
20131,agate
20143,cynic
20145,grist
20158,scour
20176,surly
20179,grout
20207,slugs
20208,yearn
20226,jetty
20263,mower
20303,waxes
20328,fides
20336,ovate
20339,shred
20370,odium
20377,inlaw
20385,salve
20388,sited
20439,ingot
20442,abhor
20448,talus
20453,scion
20474,guile
20500,stork
20515,tepid
20526,gipsy
20543,ladle
20555,conch
20557,larch
20585,jumbo
20586,crore
20695,saber
20739,wring
20742,spate
20750,fjord
20754,delve
20761,glade
20781,snort
20785,eared
20799,putty
20801,uncut
20824,mauve
20836,ferro
20868,boric
20873,louse
20888,twill
20893,rabid
20903,viper
20924,parse
20926,humic
20928,elves
20952,puree
20953,jerky
20962,leant
21003,flirt
21015,spiny
21018,whorl
21033,rosin
21069,sagas
21087,conic
21124,ovoid
21143,covet
21162,ramps
21189,cairn
21198,manus
21208,orang
21210,solos
21212,lobed
21220,betel
21224,waver
21235,borer
21244,whiff
21264,razed
21265,parol
21275,gruff
21281,kilos
21295,droop
21309,grimy
21319,scrip
21322,smite
21329,vagal
21339,auxin
21361,hefty
21368,fudge
21372,aphid
21388,rumen
21390,fussy
21399,furry
21404,sleet
21425,crumb
21442,hyoid
21443,lurch
21448,churn
21467,quake
21479,snipe
21508,pared
21542,crepe
21548,tango
21550,scowl
21558,spree
21563,agape
21586,floss
21598,eject
21611,coupe
21629,silty
21632,guano
21635,labia
21637,atoll
21641,irate
21656,riser
21658,lithe
21659,duped
21664,tutti
21670,tonne
21681,rowdy
21706,hatte
21710,imago
21716,dozed
21720,scuba
21743,decoy
21749,puffy
21791,swoop
21803,stele
21848,pique
21855,jaded
21872,balmy
21894,saver
21915,felon
21925,ennui
21950,fitly
21983,manes
21991,meson
21999,stupa
22025,pupae
22035,fount
22090,polyp
22117,kraal
22130,copra
22159,baggy
22165,droll
22181,clime
22189,foray
22236,skiff
22245,thong
22273,torus
22285,troll
22297,xenon
22330,vouch
22343,brash
22404,cabal
22429,whist
22443,wench
22472,gruel
22491,chime
22494,sulky
22495,whoso
22528,brawl
22539,caput
22561,eosin
22591,sofas
22614,glean
22616,lumpy
22618,idler
22623,spilt
22668,askew
22714,crass
22716,satyr
22726,carpi
22735,embed
22751,pecan
22768,paled
22783,inlay
22793,idyll
22797,sepia
22800,shirk
22802,taxon
22813,rater
22827,wreak
22831,boned
22839,gouty
22841,radix
22844,retro
22847,mince
22869,denim
22907,fives
22924,waked
22929,recto
22930,combo
22931,honed
22958,basso
22984,manse
22995,furor
22996,fetid
23000,fluke
23009,knell
23017,feral
23033,creak
23047,clang
23048,topaz
23054,dross
23055,atria
23094,impel
23097,sooty
23121,suave
23136,snarl
23142,slyly
23146,salvo
23161,rhino
23184,drape
23192,whoop
23193,lapis
23196,grubs
23214,soggy
23225,deuce
23236,ergot
23253,unmet
23268,roomy
23311,cowed
23315,lasso
23329,bigot
23335,polka
23338,dowel
23344,sedge
23346,condo
23348,booby
23351,nomen
23355,outre
23358,prong
23390,hymen
23391,venal
23425,rebut
23428,prise
23443,fosse
23444,pawns
23449,smock
23461,mired
23464,gutta
23466,myrrh
23500,udder
23509,extol
23514,nudge
23515,lunge
23516,grime
23525,saucy
23527,yucca
23557,sherd
23580,cameo
23627,biota
23637,gaped
23640,hyena
23642,ambit
23644,melee
23665,wooed
23670,glans
23692,ashen
23727,soapy
23737,altho
23752,molto
23758,oleic
23761,slush
23780,chuse
23784,canny
23789,finis
23791,swoon
23820,allot
23821,ruble
23829,situs
23833,chink
23851,joker
23864,lingo
23866,dural
23875,feign
23889,monad
23898,varus
23902,toyed
23907,stoma
23912,cumin
23943,dirge
23945,tinea
23948,fovea
23953,grope
23960,meine
23972,milch
24030,amass
24036,sinew
24041,hovel
24070,breve
24079,neath
24084,pithy
24117,vying
24126,coped
24129,gouge
24140,poesy
24150,antes
24160,trill
24168,lanky
24191,awash
24208,amaze
24210,gnome
24216,deign
24218,zoned
24231,lager
24247,kayak
24337,afire
24350,smirk
24355,fille
24356,cacti
24375,bawdy
24381,outdo
24387,riven
24404,sprig
24414,cocky
24421,sooth
24422,nitre
24452,moult
24460,belie
24466,nares
24481,medic
24494,whack
24496,seedy
24505,copse
24528,yoked
24534,scarp
24539,prank
24554,hater
24573,mowed
24576,genii
24601,verve
24623,pygmy
24656,racer
24673,scoff
24687,llama
24694,kiosk
24719,leges
24720,reedy
24723,creme
24734,dally
24767,tarsi
24771,briar
24792,crone
24820,mucin
24885,waken
24887,untie
24897,undid
24907,visor
24923,cocci
24926,sower
24940,chafe
24953,punto
24976,pasty
24988,hauls
25006,sward
25037,dully
25047,glebe
25072,cecum
25091,raphe
25101,fumed
25148,aloes
25195,loamy
25203,mezzo
25217,swish
25224,tipsy
25238,umber
25248,matin
25252,morph
25269,flume
25277,wince
25291,begat
25297,tiara
25301,fluff
25303,demur
25315,cased
25317,swath
25321,octet
25331,feint
25349,pupal
25364,plasm
25369,trawl
25384,senza
25388,weedy
25394,troth
25400,ebbed
25405,joist
25409,hiked
25422,ileus
25433,groat
25439,unwed
25451,sacro
25492,tabby
25508,utile
25516,scape
25535,wordy
25546,oaken
25554,drawl
25563,massy
25573,pried
25574,taluk
25580,vertu
25585,shied
25603,sopra
25605,lapel
25607,flail
25620,frond
25621,augur
25676,wroth
25704,chirp
25715,aglow
25737,quern
25738,knead
25746,lobar
25756,tenon
25762,decry
25777,drily
25793,quire
25796,facta
25805,psoas
25818,suede
25872,beret
25873,cress
25883,inane
25916,dunno
25926,begot
25935,prowl
25972,offal
25995,dolce
26020,ovule
26025,wrapt
26040,quash
26047,longe
26077,gorse
26149,fishy
26183,ember
26195,crier
26214,caked
26220,mange
26234,flier
26237,spurn
26272,urate
26275,roped
26286,parle
26295,plait
26305,vetch
26310,itchy
26331,toddy
26337,bilge
26354,bogey
26388,nevus
26392,sprue
26406,skein
26409,junto
26464,gonad
26473,boggy
26483,abord
26488,bruit
26547,twixt
26598,tacky
26600,sated
26639,moron
26641,payor
26647,bream
26660,caper
26670,pinna
26734,riper
26744,clink
26746,glyph
26756,anise
26759,pales
26765,tonus
26790,bulla
26819,caved
26848,ruder
26849,exult
26865,oozed
26878,bossy
26906,abler
26930,curio
26969,mealy
26989,homey
26997,liken
27028,tetra
27057,tuner
27067,jeers
27110,gavel
27113,broil
27123,gayly
27128,volar
27156,lated
27165,conus
27167,haply
27168,maser
27172,inked
27212,raved
27213,tabes
27219,corny
27225,douce
27227,cella
27265,senna
27275,carat
27310,slunk
27333,snore
27352,malic
27364,hilum
27392,ditty
27393,crock
27394,cavil
27406,linga
27410,rayed
27476,cento
27530,flaky
27534,motet
27550,neigh
27556,baste
27584,plano
27614,warre
27616,croak
27675,palpi
27686,seeth
27687,ketch
27691,funky
27693,lowed
27700,enrol
27709,plebs
27737,afoul
27746,nutty
27747,foamy
27754,cornu
27769,evict
27776,halos
27813,miter
27841,mente
27861,canna
27868,velum
27891,peony
27893,malar
27897,prawn
27903,chide
27906,sired
27927,trice
27956,waxen
27980,perdu
28014,stria
28030,tamer
28049,filly
28078,burro
28102,culpa
28108,phyla
28138,dosed
28154,stomp
28186,volte
28188,cubit
28189,uvula
28202,amigo
28220,crimp
28221,velar
28251,hilar
28258,novae
28267,gummy
28276,mushy
28324,exude
28349,claps
28351,lames
28362,paean
28376,sexed
28379,hewed
28393,imbue
28406,plein
28411,twang
28432,runic
28442,bandy
28449,furze
28453,wiper
28457,jaunt
28467,filmy
28473,phial
28480,cutis
28497,recti
28511,clack
28552,swipe
28558,parka
28589,geste
28596,vixen
28603,scald
28608,brawn
28627,tripe
28638,buxom
28647,ulema
28656,chyle
28677,alway
28681,casus
28693,spiky
28695,moldy
28721,boson
28745,refit
28755,vapid
28792,gripe
28810,fiord
28816,lucre
28818,pager
28823,crape
28873,allyl
28909,teste
28925,goofy
28935,pylon
28944,eland
28953,pined
28957,pored
28958,theca
28967,tepee
28975,chock
28994,slaty
29008,gules
29017,batik
29019,meaty
29023,astir
29028,tryst
29036,grete
29050,umbra
29084,sulci
29093,anent
29101,stank
29111,jumpy
29127,guava
29138,spoor
29153,prion
29159,nappe
29206,kinky
29214,glace
29259,spook
29264,dunce
29289,fakir
29296,azide
29307,chary
29356,cinch
29385,laths
29391,param
29394,bylaw
29416,paged
29418,jawed
29431,strew
29440,sumac
29481,keels
29488,banns
29495,milli
29505,wrens
29512,blase
29515,gusty
29528,trine
29543,pudgy
29546,gumbo
29549,moire
29569,wheal
29592,eider
29618,gayer
29619,pulpy
29635,acini
29662,testy
29721,dolor
29724,frill
29728,dette
29787,minim
29808,flout
29830,nonce
29831,elfin
29878,oculi
29882,halve
29909,bogie
29925,henna
29951,egret
30025,hight
30027,capon
30028,scamp
30031,bagel
30109,nomic
30143,copal
30178,dowdy
30179,feted
30190,dinar
30204,soled
30260,blare
30320,arete
30326,bouse
30327,animi
30366,incus
30373,peaty
30426,molal
30451,estre
30465,cubed
30467,scree
30493,antic
30496,doled
30498,twirl
30530,beady
30553,fluor
30566,malum
30618,gunny
30626,ombre
30687,balsa
30704,wolde
30706,frisk
30762,tress
30782,edify
30786,crois
30813,daunt
30859,tapir
30876,kneed
30878,doyen
30905,dropt
30909,tulle
30925,eclat
30936,belch
30954,coyly
30962,pigmy
30969,bated
30981,bifid
31035,drear
31054,pesto
31065,gloat
31072,cooed
31073,serai
31099,lamed
31100,pesky
31140,liana
31146,biome
31154,diazo
31156,igloo
31177,chimp
31179,crony
31203,caret
31207,pubes
31216,tical
31309,licit
31313,clank
31314,sider
31328,cleat
31329,debar
31341,poser
31369,oligo
31399,baize
31412,tweak
31430,sirup
31474,crura
31517,stilt
31529,slake
31549,virtu
31561,pawed
31569,solus
31577,tecum
31613,burin
31614,oiler
31621,visto
31625,perky
31634,merce
31649,hirer
31717,cower
31724,argot
31732,musky
31733,lemur
31750,craps
31790,maund
31792,warty
31820,stipe
31833,ocher
31834,shaly
31841,vomer
31866,knits
31893,chyme
31930,ferme
31933,scudi
31941,gulph
31942,cirri
31946,gesso
31949,sicca
31973,mangy
31989,roved
32003,blurt
32026,beefy
32028,raspy
32035,egged
32116,wrack
32164,faxed
32193,retry
32210,fader
32212,spank
32230,areca
32277,veldt
32279,dingo
32288,paise
32310,sodic
32333,splay
32350,aping
32381,silex
32390,slink
32391,nifty
32422,elope
32493,abaft
32500,bairn
32522,atony
32553,tanka
32565,dumpy
32569,plete
32591,swale
32609,doted
32622,ovine
32624,pinon
32647,prude
32701,inure
32706,swash
32716,ducat
32718,biped
32724,vegan
32778,hurly
32782,wacky
32797,weder
32830,bluer
32850,carob
32861,mesne
32876,snide
32906,golde
32916,jural
32918,amble
32943,anime
32960,chela
32971,riled
32988,deare
32989,shard
32993,thole
32998,icily
33010,litho
33048,palmy
33068,cluck
33070,hocus
33074,singe
33089,gored
33116,honky
33131,jagir
33141,spica
33206,lieve
33220,foule
33222,regne
33302,assai
33317,ramie
33325,idled
33329,civet
33333,gauzy
33340,proem
33341,belay
33360,hussy
33361,drest
33382,ailed
33402,joust
33413,gecko
33428,nappy
33445,kudos
33455,nidus
33476,spunk
33487,stylo
33509,byway
33526,sural
33542,fiche
33573,muggy
33574,boded
33576,jiffy
33616,teeny
33637,tilth
33657,archi
33659,baled
33695,comfy
33696,duple
33700,macaw
33717,liven
33729,foist
33759,loony
33777,qualm
33781,aider
33782,catty
33786,strum
33787,latte
33800,fatwa
33805,prate
33811,harpy
33813,eyrie
33817,gumma
33822,bleat
33846,seamy
33850,boyar
33863,swill
33888,throe
33889,drool
33904,koala
33917,tenia
33952,manta
33984,manie
34073,opine
34112,tinct
34137,briny
34155,bloat
34157,hanky
34185,paten
34222,elute
34224,woful
34265,shuck
34274,whelp
34279,mends
34281,hiver
34283,bract
34290,cyclo
34299,stant
34301,stoat
34304,aimer
34330,aurum
34378,pacer
34380,bason
34393,oakum
34399,newel
34429,stope
34432,ascus
34434,myoma
34452,befit
34465,clave
34529,xylol
34536,blimp
34543,tinny
34558,mythe
34586,loped
34597,vaunt
34608,haver
34616,hunks
34642,scoot
34716,outgo
34722,hilus
34750,kauri
34751,nitty
34768,ances
34776,dacha
34821,ganja
34828,rummy
34835,moped
34840,lente
34860,digne
34878,corms
34902,hooch
34908,azote
34939,poled
34975,poach
34984,squib
35077,pleat
35105,venae
35106,ghoul
35110,compo
35114,bosun
35125,ukase
35129,farad
35142,teary
35167,scena
35228,osteo
35233,rower
35247,haled
35323,soldi
35347,douse
35350,finny
35391,frons
35432,bided
35438,churl
35447,caulk
35488,dinky
35495,emmer
35570,osmic
35596,rente
35610,kapok
35658,colla
35694,obeah
35698,ronin
35726,limed
35742,penta
35756,platy
35767,eking
35780,telic
35788,nates
35850,hypha
35880,tilde
35893,lento
35894,appui
35909,caned
35952,auric
35958,abase
35964,gawky
35986,sunup
36013,reges
36019,washy
36035,cecal
36051,odder
36066,jazzy
36096,sylph
36106,hards
36143,ambos
36193,mense
36197,tunny
36201,oared
36206,yummy
36248,prosy
36252,vamos
36254,detox
36259,galea
36262,abeam
36266,orris
36267,ephod
36294,abaca
36305,moste
36311,skied
36320,rearm
36324,indol
36372,kopje
36387,karat
36397,caeca
36428,creat
36430,coots
36500,agger
36526,ameba
36546,preen
36562,aspic
36566,cubby
36620,fagot
36656,ahold
36673,plica
36683,podge
36722,elate
36784,wanly
36809,squab
36857,buffa
36862,tided
36865,spick
36873,infix
36927,novas
36930,jalap
36944,ninny
36952,vacua
36963,genio
36984,tumid
37027,amuck
37092,dildo
37096,snaky
37139,adeno
37146,gutsy
37156,darky
37164,rangy
37197,pedes
37213,deify
37218,croon
37234,medii
37241,adown
37242,ology
37253,thrum
37267,sepal
37349,sours
37375,emend
37388,sputa
37390,amain
37449,enure
37453,treed
37487,lepra
37490,dopey
37499,rived
37501,octyl
37550,gular
37556,leggy
37564,gazer
37583,chump
37613,gaged
37626,napus
37627,dozer
37658,flunk
37662,nized
37692,scrim
37718,paned
37731,bezel
37732,oxime
37769,esker
37778,stane
37818,atter
37867,culls
37877,arret
37915,uncus
37946,foots
37952,wooer
37962,plebe
37975,unfed
38012,spall
38058,sappy
38061,peece
38096,navvy
38098,wormy
38102,quaff
38104,amido
38122,toque
38189,skulk
38226,sulks
38231,mitis
38238,drome
38241,gaffe
38253,grise
38276,botch
38309,bronc
38332,blent
38347,conga
38350,mousy
38352,niter
38363,baulk
38365,limen
38375,esque
38381,hubby
38425,lates
38439,ictus
38503,syren
38513,carps
38525,biter
38555,nervy
38628,gapes
38646,sidle
38652,envie
38664,beaut
38667,nacre
38669,rugae
38673,doily
38681,tapis
38708,favus
38779,pulex
38784,herte
38807,whilk
38826,ogive
38828,umbel
38875,drave
38891,vinum
38918,spume
38928,cushy
38948,secre
39003,sware
39059,likin
39081,derma
39092,julep
39119,targe
39138,sexto
39176,yokel
39184,maned
39188,skimp
39214,oculo
39225,cyder
39227,toady
39244,varix
39260,sties
39312,sonde
39316,nosey
39380,roust
39381,phono
39391,curst
39408,jugal
39426,juger
39427,plash
39443,picul
39449,slock
39532,filch
39550,agone
39551,toted
39581,hemin
39593,knout
39598,tatty
39607,besom
39628,pated
39632,joyed
39639,plunk
39650,sprit
39660,cooly
39661,thoro
39699,tared
39722,kebab
39741,huzza
39742,elide
39757,secco
39791,scram
39796,soupy
39810,paver
39820,whelk
39849,pooch
39892,slosh
39916,curer
39950,unset
39965,strop
39984,hawse
39986,skall
40022,whizz
40032,pomme
40040,aldol
40044,skink
40131,piton
40132,djinn
40134,retch
40142,naevi
40148,scuff
40163,mucky
40170,withe
40172,raker